family_size,rooms,bedrooms,bathrooms,temperature,weekends,festivals,remaining_days,daily_units
7,4,1,3,34.6398788362281,10,0,58,13.635178190521058
2,3,3,3,29.184977839317344,10,3,59,9.203296011077121
3,5,2,2,24.246782213565524,9,0,52,8.944420798441794
4,2,2,1,28.638900372842315,6,2,47,9.275002067111616
4,3,4,3,39.664617716135766,6,2,56,12.559631188904438
3,5,1,3,20.26529922319733,6,3,33,8.21775386017552
2,2,1,2,21.95344228012768,9,3,26,6.481619610422983
4,5,4,3,23.467293070155442,6,3,59,10.89411275262798
4,2,2,2,24.158833257363778,9,1,48,8.578589986325479
7,2,2,2,27.90300472003629,9,1,50,11.952540849606534
7,4,1,2,26.506606615265287,10,1,43,12.421189190747752
2,1,4,1,22.818484499495252,10,0,44,6.707327209909146
7,1,4,1,23.974313630683447,8,2,36,11.675376453523022
3,3,1,3,21.480893034681806,7,0,47,6.806560746242726
7,1,4,2,21.908202329808226,11,3,56,11.913476419365482
3,4,4,2,37.744254851526534,6,2,56,11.813965873274777
7,3,1,1,31.225543951389923,11,2,46,13.140597911250188
1,2,2,1,24.034384046707924,6,3,51,5.996189128407426
4,5,3,3,28.207658460712594,8,0,55,10.837378522928269
5,3,3,2,37.609356780305156,7,0,25,12.309684220454926
4,4,4,2,37.66560517837737,7,2,47,12.819808932107925
1,1,1,1,32.953802410827244,6,3,32,6.701684433948904
1,3,3,2,30.214946051551316,6,1,56,7.5086902892792375
1,3,2,3,23.36582084345861,6,3,31,6.37584775182255
6,2,3,1,22.961738599068,6,2,21,10.453112947832242
2,4,2,3,25.57292928473223,6,0,38,7.423127271251801
6,2,1,2,39.71300908221201,9,2,30,13.028341634798162
3,1,3,2,27.355662654385064,9,1,25,8.154019277789313
6,3,3,1,23.01435087930859,8,1,35,10.952583158275548
5,3,4,3,24.404820951310967,7,2,38,10.832867771235973
4,4,1,1,27.951440421750448,7,3,20,10.121259275915081
3,4,1,1,24.181432414754273,11,1,54,8.522657834655769
7,4,4,2,39.643366866588714,9,3,21,16.36580603598597
1,4,1,1,37.652726863786796,6,0,54,8.297490835481625
3,3,4,2,35.597510917152476,9,2,27,11.287551965087447
4,4,2,3,27.44565533123486,6,2,44,10.060217959622276
5,2,4,2,30.974675787331723,11,2,35,11.99544164171971
5,1,4,1,20.36150727231042,11,0,39,9.085071309015875
7,3,1,1,30.850804611097985,8,2,41,12.713144829997638
7,5,3,2,38.12197575437108,8,1,40,15.571955635786793
6,1,4,3,29.850353876377277,10,3,38,12.323063697747909
4,3,4,1,20.872075435088675,9,3,49,9.786973578315962
5,5,2,3,34.954375477948275,10,3,48,13.54178758603069
1,5,3,3,39.606631674320916,9,2,40,10.809193701377765
7,1,4,3,23.38985493372185,6,1,50,11.080173888069934
6,2,3,2,21.943529875415372,11,2,21,10.869835377574768
7,3,2,2,26.451015284772012,6,0,58,11.581182751258964
5,2,3,2,36.20226789358362,6,3,32,12.18640822084505
4,2,3,1,32.55788829897272,9,0,27,10.240419893815089
6,4,3,3,20.552335437474095,7,1,51,10.889420378745339
7,3,1,2,30.85289269415153,10,1,41,12.703520684947275
1,4,2,2,26.065310293464456,8,3,56,7.601755852823603
1,5,4,1,29.14530323227457,11,0,51,9.066154581809423
4,3,3,1,39.39073734228318,7,1,38,11.980332721610973
1,3,4,2,21.56912762684532,10,1,42,6.832442972832157
7,1,4,1,21.163871910168872,7,0,53,10.549496943830396
6,1,4,1,25.598677938918858,10,2,24,11.307762029005394
6,5,3,3,24.95461979002315,8,0,41,12.051831562204168
1,5,2,1,21.8831397653712,11,1,24,7.208965157766816
4,2,2,1,29.469435415611315,6,1,49,9.174498374810037
5,2,2,2,32.701873017352874,7,3,50,11.276337143123518
2,2,3,2,30.020797678305186,10,0,23,8.103743582094934
7,2,1,3,36.018985893647994,9,1,54,13.01341746085664
4,1,1,1,30.9123357863187,10,3,22,9.514220441537365
1,1,4,2,24.133687197534908,10,0,31,6.044063695556283
7,2,1,3,32.36507768675786,6,1,27,11.995713983616415
5,2,2,2,26.8124913892848,8,0,26,9.586248450071263
4,2,1,2,32.57885693559768,10,3,55,10.314194248407581
1,5,1,1,30.959437664961747,10,0,43,8.072698779693114
3,1,3,2,25.000328984322092,11,3,56,8.470059217177976
4,1,3,1,34.79817520894749,8,0,49,10.023671537610547
1,1,2,1,26.400992020612236,8,2,55,5.912178563710203
4,5,1,3,21.82573353572267,9,1,50,9.25863203643008
4,3,2,3,21.665688223905192,10,2,31,8.999823880302934
1,4,3,1,35.047490588753604,6,2,58,9.128548305975649
6,2,1,3,37.75408365516599,8,2,37,12.55573505792988
7,4,1,2,36.739277484747475,6,0,57,13.533069947254548
7,5,4,2,27.933032039085038,8,1,21,14.137945767035308
5,5,1,2,39.73279157002351,10,0,41,13.251902482604232
4,1,3,3,39.720021276457416,9,3,25,11.779603829762335
4,3,1,2,34.101687285933195,7,1,38,10.228303711467975
7,3,1,1,28.104041735628343,11,1,39,12.328727512413103
4,5,3,1,34.88423313886596,8,0,47,12.039161964995873
6,1,3,1,21.657826433867086,6,1,25,9.468408758096077
2,4,1,1,20.863198239011524,10,3,40,7.405375683022075
3,4,1,3,33.908222462132954,6,1,33,9.673480043183933
7,1,1,2,31.686286238462003,6,2,31,11.623531522923162
2,4,4,1,25.547623659622655,9,3,45,9.328572258732079
2,4,2,1,39.48789615332333,8,1,36,10.4178213075982
1,1,1,1,33.69462345107758,10,0,54,6.565032221193965
5,2,3,1,32.268303918715795,7,1,49,11.098294705368842
2,3,1,1,20.52733948994504,6,1,20,5.864921108190107
2,1,3,1,34.99156599952144,6,1,46,8.26848187991386
1,5,1,2,20.73643735271983,6,0,25,5.75255872348957
4,1,1,3,34.998214989399436,8,0,42,9.2596786980919
5,5,1,2,36.99294781354823,6,0,33,12.278730606438682
1,1,3,1,32.1234926890176,11,0,59,7.202228684023169
2,4,3,3,33.43146391185599,7,1,22,9.607663504134079
3,2,4,1,31.03813677548971,10,1,49,9.836864619588148
3,1,1,3,20.57565352626678,10,0,33,6.0036176347280215
2,3,3,3,22.727429511735394,9,1,57,7.420937312112371
2,2,2,2,31.096312170844513,8,2,53,8.157336190752012
4,1,2,1,35.673060254822865,9,1,36,10.151150845868115
5,5,4,2,38.53175250322989,7,0,39,13.87571545058138
5,2,2,1,26.948268164508285,11,2,30,10.470688269611493
3,1,3,3,31.695322118983075,8,1,35,8.815157981416954
4,4,4,1,37.935768198120236,8,2,48,12.988438275661643
2,5,2,3,20.81737232532958,10,1,47,7.797127018559324
2,5,2,1,30.974306184148173,10,0,31,9.37537511314667
2,2,1,2,26.60199026620311,8,0,45,6.44835824791656
1,1,2,3,30.233140270945224,8,2,36,6.60196524877014
2,4,1,1,31.94556164510861,9,2,41,9.030201096119551
6,2,4,3,30.62531507947068,7,0,45,11.852556714304722
6,3,4,3,34.26699171769105,11,2,37,13.98805850918439
2,3,3,3,22.097383330649617,10,3,29,7.927528999516931
7,1,1,3,21.784086574241122,11,3,44,10.691135583363403
1,5,4,1,33.58204638288979,8,0,37,9.504768348920162
7,4,3,2,31.736822360417584,6,3,38,14.182628024875166
2,1,1,2,37.992947942900244,7,2,25,8.378730629722044
5,1,1,1,22.035649452408073,11,1,23,8.436416901433454
6,3,2,2,36.11729773482287,6,2,22,12.921113592268119
3,5,4,3,37.93220525948042,9,3,30,12.957796946706475
4,1,2,2,33.372864398488616,6,1,34,9.377115591727952
3,2,3,1,35.38985866383874,11,1,23,10.340174559490974
3,4,1,1,30.596800463622333,6,1,33,9.077424083452021
6,5,2,3,38.64028684513868,10,2,22,14.855251632124963
1,2,4,2,30.972062358763065,7,3,21,8.164971224577352
5,2,4,1,22.77649546884041,6,0,28,9.419769184391274
3,3,2,3,38.59058288495652,11,3,33,11.516304919292173
5,3,1,2,23.6246613233132,8,0,59,9.112439038196378
6,4,4,1,22.79544753252579,6,0,33,11.323180555854643
4,3,1,1,36.29149440462764,8,1,45,10.742468992832976
6,4,1,1,31.766133515901135,7,3,27,12.607904032862205
7,3,1,2,30.79562123829266,6,0,36,11.963211822892681
1,2,2,1,38.12944221929094,8,2,25,8.52329959947237
6,3,3,3,26.698112293141723,9,2,48,11.985660212765511
1,4,2,3,31.463016985147775,10,1,52,8.3133430573266
5,5,3,3,22.862559710969393,9,1,21,11.14526074797449
2,5,3,2,26.84163497431815,11,0,50,9.151494295377267
7,4,1,3,35.94590731559107,10,0,23,13.870263316806394
4,5,2,3,32.82295265770595,8,3,55,12.018131478387073
2,3,3,1,36.535976556181566,11,1,59,10.146475780112683
6,2,2,3,23.067028062321604,10,3,37,10.80206505121789
1,1,3,3,38.64236564967225,9,3,23,8.885625816941005
5,5,4,3,23.050780858285226,9,2,28,11.82914055449134
6,3,1,2,38.687340295380295,11,2,42,13.583721253168454
1,5,1,2,36.77796172891868,11,2,20,9.740033111205364
7,3,4,3,27.980054077402606,6,0,28,12.65640973393247
2,4,1,1,32.07443063460278,8,2,44,8.9333975142285
2,3,2,2,29.314002446376264,8,1,46,8.086520440347726
1,3,3,3,22.817140407595996,6,2,25,6.42708527336728
5,1,1,1,31.611767005560868,11,1,47,10.160118061000956
2,5,1,3,39.51082631365512,6,0,39,10.031948736457922
6,4,3,1,23.689257428377122,6,3,32,11.834066337107885
6,3,3,3,26.98773998098666,11,0,48,11.777793196577601
6,3,2,1,35.510552333900215,7,1,47,12.68189942010204
1,2,2,2,35.307125621324815,9,0,27,7.635282611838467
5,3,4,2,25.414893462871074,11,1,52,11.244680823316793
7,4,4,2,37.33987520023047,6,0,22,14.841177536041487
7,3,3,1,31.90097959400841,6,2,56,13.462176326921515
3,3,1,3,34.41626192621013,8,3,43,10.004927146717826
6,3,4,1,22.82163697555427,11,2,37,11.927894655599768
7,2,3,1,24.157725102920548,8,3,38,12.058390518525698
4,5,4,2,37.853434221539494,10,3,30,13.963618159877107
2,2,3,3,20.684562216410583,9,0,56,6.303221198953905
6,1,2,1,25.889315190838353,9,1,41,10.190076734350905
4,1,2,2,29.748623964990273,11,2,51,9.574752313698248
1,2,3,1,25.37354718769892,7,0,44,6.007238493785805
7,1,2,2,36.69860473598598,9,1,48,13.035748852477477
5,2,3,1,20.367813530949334,7,3,40,9.45620643557088
2,4,1,2,21.3435079983142,10,0,57,6.741831439696557
2,4,3,1,20.21991657316961,10,2,50,7.83958498317053
6,3,4,2,32.010337208673064,6,0,26,12.481860697561151
2,5,1,2,28.087630030980485,11,1,21,8.825773405576488
4,3,1,3,21.806739211552156,8,1,48,8.135213058079387
5,3,4,3,27.113454329298982,6,2,58,11.200421779273817
3,2,3,3,39.08173873079266,11,0,52,10.754712971542679
2,4,3,3,31.901558614005097,8,0,53,9.202280550520918
1,2,2,1,26.887674640884665,6,0,44,5.75978143535924
5,3,4,2,29.193630255222622,8,2,56,11.81485344594007
4,4,3,2,20.105076371167698,9,2,56,9.498913746810185
4,3,3,1,22.736372618379228,7,0,31,8.732547071308263
6,3,4,3,36.13122295722899,10,1,35,13.953620132301218
6,1,2,1,32.93329838234327,8,1,45,11.337993708821788
7,2,4,3,39.987069991316694,7,0,41,14.437672598437004
2,5,3,1,23.851980555712608,7,2,42,8.63335650002827
5,2,3,2,21.0976522929295,8,1,58,9.207577412727309
1,3,4,1,21.539064032584182,10,2,59,7.077031525865153
2,4,3,3,36.07953958801795,9,0,41,10.074317125843232
1,5,2,1,37.71955496472374,7,3,21,10.079519893650273
7,3,2,2,20.425388217007743,10,0,37,10.976569879061394
3,3,3,2,27.014236309034203,11,0,48,9.082562535626156
6,5,4,1,31.615144144546555,9,2,29,14.27072594601838
6,1,3,3,30.450383832690463,6,1,22,11.051069089884285
5,2,4,2,24.672155020998197,6,3,20,10.510987903779675
5,1,3,1,27.83260281080712,9,3,56,10.53986850594528
5,5,3,2,39.64661030160163,11,3,30,14.906389854288292
6,5,2,1,34.86705645787248,9,2,27,14.056070162417047
4,5,3,2,32.15473589757718,10,1,29,12.037852461563894
3,2,1,2,20.734638748532273,7,2,25,6.67223497473581
5,5,2,3,24.32648046073107,6,2,39,10.898766482931594
2,1,1,3,27.924840378053176,7,1,36,6.316471268049572
3,3,2,1,24.47635229645246,6,0,23,7.625743413361443
6,5,2,3,37.549217252607605,8,2,47,14.41885910546937
5,1,3,1,37.04387066694016,7,0,34,11.207896720049227
1,5,3,3,25.627819211550534,9,2,57,8.293007458079096
3,5,4,2,30.65205038801524,10,3,32,11.767369069842744
4,5,1,1,21.2303405247847,10,3,48,9.771461294461245
3,2,3,2,30.875578159947985,10,0,52,9.157604068790636
6,3,4,1,23.14681319405052,6,0,44,10.886426374929094
5,2,4,3,33.979814760791754,9,2,24,12.296366656942515
3,5,2,1,20.584945660691183,7,1,51,8.295290218924412
3,5,2,3,23.215197920966165,9,1,33,9.008735625773909
5,5,4,3,23.86265729174586,10,1,46,11.845278312514255
1,1,1,3,27.533907239735974,10,2,25,5.956103303152475
3,2,1,2,26.837443320773723,9,2,49,8.01073979773927
5,5,2,2,38.94595776512676,6,3,41,13.780272397722817
1,2,2,1,21.158409211175965,8,1,33,5.218513658011674
7,5,4,3,22.60172480261264,10,3,26,13.918310464470276
5,3,1,2,27.436670584774493,8,2,42,10.29860070525941
2,2,2,2,39.94249000315422,6,2,32,9.50964820056776
1,5,1,3,24.41539225577521,7,2,33,7.0347706060395385
4,3,3,3,39.01727124500821,9,3,47,12.653108824101478
5,5,3,1,32.77051895328171,11,2,24,13.418693411590707
3,3,1,2,37.881984073582686,7,0,54,9.758757133244885
1,1,4,2,37.28716499679274,8,3,44,8.921689699422693
1,5,1,3,29.073872692105653,7,3,26,8.123297084579018
3,5,4,1,38.23672069919822,7,2,39,12.52260972585568
6,1,2,2,31.966545302448537,11,3,39,12.023978154440737
4,1,2,1,23.216509381563803,11,1,21,8.148971688681485
3,5,1,1,21.448937755891176,7,1,50,8.050808796060412
6,3,1,1,37.202447943784094,11,0,27,12.816440629881138
3,3,4,1,24.84090031725055,6,1,51,8.7413620571051
7,4,4,1,31.192973669738283,7,3,52,14.604735260552891
2,1,1,1,27.012538624183616,6,0,45,5.782256952353051
6,2,2,3,24.017181797245883,7,1,34,10.11309272350426
2,2,3,1,39.03099948710654,10,2,25,10.225579907679176
1,1,3,3,30.82592670602141,7,3,27,7.238666807083853
2,4,2,2,32.24515971762316,8,3,35,9.614128749172167
4,2,2,2,29.618076628979697,6,3,33,9.701253793216345
3,2,2,3,33.005883717469075,6,0,38,8.661059069144434
7,4,1,1,35.79397014284958,8,3,37,14.352914625712927
6,2,3,2,26.646292507102178,6,2,22,11.116332651278395
4,2,3,3,24.411222498446467,11,2,34,9.514020049720363
1,4,1,2,39.21561102973954,7,0,43,8.698809985353119
4,5,4,2,39.752991274721154,7,0,51,13.195538429449806
1,4,2,1,27.910303396980304,9,1,34,7.553854611456455
2,4,2,3,25.536555944701032,8,1,31,7.906580070046186
3,5,2,1,34.66226044830562,8,1,27,10.949206880695012
4,2,4,2,39.42790188083279,10,0,57,11.9970223385499
5,1,2,2,37.41499802545023,11,3,58,12.104699644581041
1,4,2,3,23.270477451700454,8,0,47,6.348685941306082
2,3,1,1,26.503801284493896,9,3,55,7.800684231208901
5,3,2,3,28.84048747565715,7,0,29,10.331287745618287
4,1,1,1,24.9742854517526,8,3,20,8.205371381315468
1,4,4,1,32.110763152897654,10,3,56,9.729937367521577
1,1,4,3,37.36542561026517,9,2,39,8.805776609847731
2,2,1,3,24.622618248552932,7,0,20,5.972071284739528
7,3,2,1,38.6775003505581,10,0,33,14.261950063100459
4,2,4,1,29.597941631841465,8,2,53,10.487629493731465
1,2,1,1,31.60224459390936,8,1,42,6.698404026903685
4,4,3,2,26.158598831823817,7,1,27,10.098547789728288
2,5,1,3,33.452042364502525,11,0,41,9.541367625610455
7,2,1,3,39.57262574801061,8,1,49,13.533072634641911
2,2,1,2,37.37809968957436,6,3,46,8.898057944123385
1,4,1,1,24.31350304795434,11,0,24,6.496430548631782
1,2,2,2,39.98827451541333,11,2,28,9.217889412774399
1,1,1,1,35.647709681165466,10,2,30,7.416587742609784
4,2,1,2,26.540663231264773,11,2,25,9.09731938162766
2,2,1,1,26.34391433530797,10,2,20,7.141904580355435
6,1,1,3,32.60417496658288,7,2,34,11.008751493984919
5,3,4,1,28.973872452450614,6,3,54,11.78529704144111
4,2,3,3,23.368887702854394,11,1,21,9.076399786513791
6,1,3,1,37.26667299143651,7,1,47,12.398001138458572
5,5,2,1,27.60391237571714,7,3,56,11.858704227629087
7,4,4,3,27.887306476367005,11,1,40,13.98971516574606
7,3,3,3,21.42560540110328,6,3,30,11.82660897219859
3,4,1,1,27.03245374479269,7,1,23,8.555841674062686
5,4,2,3,38.59211754843978,9,2,27,13.326581158719161
2,4,2,2,27.998104136083125,10,3,45,9.089658744494962
1,3,3,3,37.188315865611784,10,2,26,9.49389685581012
7,1,2,1,25.131255674027276,9,3,23,11.453626021324911
6,1,4,1,32.66302751188044,8,0,41,11.839344952138479
6,5,2,1,35.87487700761032,7,3,27,14.247477861369859
1,2,3,1,26.0412100366959,8,3,58,6.997417806605262
2,1,2,3,32.47718649353146,6,2,24,7.665893568835663
7,1,3,2,29.457839312663644,10,0,41,12.002411076279456
5,3,4,3,30.9339482542814,7,0,33,11.508110685770651
5,5,1,2,22.83548787054204,8,2,40,10.470387816697567
2,3,2,2,28.91581829154458,6,0,30,7.524847292478023
7,4,2,3,32.064388204267445,11,1,51,13.941589876768141
7,5,2,1,37.883817493282365,8,0,27,14.879087148790827
1,3,2,1,32.34311566791293,10,0,21,7.721760820224328
4,5,4,3,32.803364476563324,11,3,22,13.174605605781398
6,4,1,2,26.660038261163958,11,1,42,11.668806887009513
4,2,2,1,39.909609814085144,11,3,27,12.153729766535326
6,4,2,1,23.50605884715319,6,2,35,11.151090592487575
2,1,3,1,26.017062167065102,9,2,35,7.263071190071718
6,5,3,3,23.04832026660835,10,3,59,12.698697647989503
4,1,1,2,30.419159545440845,11,1,37,9.045448718179353
7,1,1,2,23.186080412379606,10,1,55,10.32349447422833
1,2,1,2,27.618190510219744,7,2,28,6.111274291839553
1,3,3,2,28.944050810096712,9,1,25,7.639929145817408
3,3,3,2,31.331507243428373,9,1,31,9.869671303817107
7,1,2,2,36.34899416982383,8,1,43,12.852818950568292
2,3,4,3,26.093582781960816,6,2,40,8.316844900752947
3,2,3,2,24.472288689926224,11,3,37,8.87501196418672
2,1,2,1,29.587088802757037,6,3,50,7.395675984496266
6,1,2,2,36.58664810282568,9,2,54,12.365596658508624
1,1,1,1,22.435238222505497,10,1,23,4.7883428800509895
1,4,1,1,38.72898347767321,9,1,48,9.101217025981178
4,5,3,2,32.0510632768573,8,2,24,12.029191389834313
3,2,2,1,21.163275910109515,8,1,50,7.019389663819712
7,1,3,3,23.41329517099997,10,0,47,10.914393130779994
6,3,3,1,30.188442562995796,6,0,58,11.753919661339244
4,4,1,2,28.52166767780743,10,3,54,10.583900182005337
7,3,4,2,36.550757911337485,10,0,41,14.679136424040747
5,2,2,3,28.371612432478706,11,2,40,10.726890237846169
2,2,4,3,32.37896386015443,10,0,45,8.928213494827798
2,5,1,1,36.030742237659794,10,3,55,10.635533602778763
1,3,1,3,29.08754669119922,9,3,45,7.36575840441586
6,4,2,2,29.52036258737533,6,0,48,11.733665265727561
6,2,1,2,37.84169377880469,6,3,36,12.581504880184845
1,1,1,2,28.75206248110784,10,0,29,5.675371246599411
2,2,4,1,36.50264391857407,7,3,41,10.060475905343333
1,1,4,3,30.36816043890408,8,0,51,6.926268879002735
4,1,3,1,20.95661640788211,6,2,20,7.792190953418779
5,3,4,3,20.24216950469775,10,3,40,10.693590510845594
2,4,3,3,38.84630779346386,8,3,24,11.202335402823493
5,2,2,3,21.643433349528546,9,0,50,8.77581800291514
1,1,2,3,24.1137452439111,6,3,23,5.510474143903998
6,1,1,1,30.606042664983168,11,2,29,11.12908767969697
5,4,4,3,39.599406587177015,11,0,51,14.047893185691862
7,4,2,3,20.87471251759939,6,3,37,11.827448253167892
7,1,1,3,31.00183880916312,7,0,41,11.120330985649362
4,4,1,3,37.73849800418539,10,2,51,11.992929640753369
6,1,4,1,30.880331583655032,10,0,40,11.758459685057906
6,4,4,3,26.40119665041967,11,2,44,13.07221539707554
6,4,1,1,23.296296314588744,10,0,34,10.693333336625974
4,3,2,3,29.76788260129879,9,0,41,9.838218868233781
3,5,1,1,30.1672109383256,11,2,42,10.35009796889861
5,4,3,1,35.22243074086316,7,1,35,12.630037533355368
1,4,1,3,39.836199026987266,8,3,53,9.680515824857707
3,1,2,1,34.661425920593494,8,2,21,9.199056665706829
1,5,1,2,36.96095582261544,7,1,31,9.04297204807078
1,1,2,1,27.35881502604169,8,3,50,6.334586704687505
7,3,1,2,27.366190610136968,10,3,39,12.575914309824654
2,3,2,1,33.26084009000984,11,3,58,9.65695121620177
5,2,2,2,27.109860208827147,6,0,39,9.399774837588888
1,4,1,2,34.46809531224572,10,3,23,8.95425715620423
6,2,2,2,32.042912881049624,9,3,38,12.297724318588934
1,3,2,1,34.91850417627349,7,1,50,8.075330751729227
4,3,4,1,22.94905053412568,6,2,52,9.550829096142623
2,4,1,3,36.02733831639038,8,0,52,9.144920896950268
1,4,4,3,22.366723818467747,11,2,33,7.846010287324194
4,3,3,1,39.006255058611835,10,0,29,12.02112591055013
2,3,1,3,20.483835277827104,11,1,25,6.45709035000888
1,3,1,3,38.81358490230681,7,2,45,8.626445282415226
3,5,1,1,29.618120015061393,10,1,24,9.881261602711051
4,2,4,2,34.5587861394753,7,2,20,11.260581505105554
1,4,2,1,23.17816335338707,9,3,50,7.202069403609673
4,1,4,1,21.379160327128425,9,1,49,8.378248858883115
6,4,3,3,25.51224677357891,11,3,29,12.762204419244206
6,2,1,1,25.362780401910268,6,0,55,9.58530047234385
3,4,2,2,31.239856949336136,10,3,52,10.573174250880504
3,2,4,3,39.26788868427101,10,1,45,11.318219963168781
4,1,1,2,39.591016807635135,10,2,42,10.826383025374323
2,5,4,1,29.278649733766724,6,0,31,9.39015695207801
1,5,1,1,23.024936574698692,9,2,26,7.024488583445765
6,1,1,1,24.548189917227578,9,1,58,9.548674185100964
6,1,1,2,21.634506914935564,11,1,20,9.264211244688402
2,5,1,2,33.283758290108345,6,1,29,9.161076492219502
2,3,1,3,30.90863738813811,11,3,29,8.83355472986486
3,3,3,1,24.027275642719488,10,3,45,9.174909615689508
7,4,2,2,20.358913571369836,10,2,41,11.964604442846571
4,4,2,3,38.932759083992146,7,3,45,12.497896635118586
1,2,1,2,26.87326385218206,9,0,54,5.71718749339277
6,4,3,1,27.94762780970633,8,2,24,12.590573005747142
3,3,4,2,21.880722088685328,9,3,55,9.06852997596336
5,5,4,3,32.85349315344847,11,3,37,14.083628767620723
2,4,4,2,35.86522700876509,8,0,22,10.315740861577716
3,2,3,2,22.81423056097517,6,2,27,7.726561500975531
5,4,4,3,26.263239896345645,11,1,38,11.897383181342216
1,4,3,2,26.393336648810894,6,2,40,7.570800596785961
6,5,2,2,39.595649157090435,8,2,46,14.78721684827628
5,1,3,1,20.587283182047848,9,1,45,8.735710972768612
6,5,3,1,26.736810037222064,6,3,57,12.882625806699973
2,3,4,1,29.42335797865629,9,3,28,9.526204436158132
5,2,2,3,37.596438279033904,11,1,40,12.137358890226103
4,2,2,1,24.797482255118894,9,1,37,8.6935468059214
2,3,1,3,32.41857134956862,11,0,24,8.355342842922353
4,3,2,3,25.079497491440495,6,3,35,9.384309548459289
2,2,3,3,23.497628743519186,6,3,20,7.199573173833453
7,3,4,2,30.25309506290106,11,2,40,14.165557111322192
3,1,1,1,33.06325581062566,11,3,31,9.121386045912619
1,1,3,1,37.97694776360495,8,0,25,7.895850597448891
3,3,3,3,22.21978938426962,11,1,33,8.469562089168532
4,5,4,2,27.608010979408192,11,2,33,11.989441976293474
3,4,1,1,28.428880831584948,11,1,57,9.287198549685291
7,1,3,2,38.2154032328783,7,2,28,13.718772581918094
4,4,1,3,32.42688994507059,6,2,38,10.556840190112707
7,4,2,2,22.404944530233514,9,3,36,12.462890015442033
6,1,4,1,29.37535930929012,6,1,30,11.257564675672223
5,3,1,3,34.60492294180292,6,3,23,11.598886129524526
4,2,1,1,31.864431402147687,6,3,35,9.705597652386585
5,1,4,2,28.583651867927138,8,3,40,10.955057336226883
7,5,1,1,31.97957016354421,6,0,28,13.17632262943796
5,1,4,3,36.58573598633511,6,3,42,12.15543247754032
7,4,2,2,35.477593114603124,6,2,45,14.205966760628565
4,5,2,1,32.62615106183978,9,0,48,11.352707191131161
3,4,3,3,22.63386876944077,9,1,31,8.804096378499338
5,3,2,2,25.431375295020796,8,2,20,10.337647553103743
7,1,2,1,20.795319299771393,11,1,46,10.413157473958853
3,4,2,1,29.009306033156367,10,0,54,9.421675085968145
6,3,4,1,29.485768408625212,6,0,57,12.027438313552539
1,1,2,3,36.87849225223448,6,1,58,7.308128605402206
5,5,1,2,27.93593694172633,11,1,28,11.49846864951074
5,1,1,1,22.27676786953203,8,2,58,8.369818216515766
7,1,3,1,33.508404150941786,11,2,30,13.351512747169522
5,5,1,3,28.220421505310917,10,0,31,11.179675870955965
5,1,1,2,39.10121022969978,7,0,27,10.77821784134596
1,3,2,3,34.35144249463189,6,2,39,8.10325964903374
2,2,2,2,36.007097580468134,9,1,56,8.911277564484264
3,4,4,1,21.42015329066511,7,2,34,8.995627592319721
1,2,3,1,33.5733991334513,7,2,30,7.983211844021232
5,2,2,2,22.77742652793034,6,0,58,8.619936775027462
4,3,4,2,22.411168328073806,7,0,57,9.074010299053285
3,2,1,1,28.44068520255278,8,2,20,8.1793233364595
7,5,3,2,38.202692735642685,11,0,50,15.696484692415684
1,1,2,1,33.849856533384504,7,3,54,7.382974176009211
5,1,1,2,35.779703198415866,9,3,53,11.170346575714856
3,3,4,3,35.18702051505226,8,3,51,11.34366369270941
2,3,1,2,34.111717252876495,6,3,58,8.81010910551777
2,4,1,3,22.851882881638176,6,0,39,6.533338918694872
3,5,2,2,32.738046349094866,8,2,50,10.852848342837074
3,3,1,1,33.542412794700184,10,3,53,10.087634303046032
4,4,2,1,22.10518370394025,6,0,24,8.598933066709245
6,3,3,3,22.715780941278744,7,2,46,11.028840569430175
2,3,2,2,35.124272279003534,10,1,56,9.372369010220636
2,5,1,2,27.496071355635927,8,2,25,8.609292844014467
4,2,4,1,39.68026326420929,10,2,36,12.54244738755767
5,4,1,1,29.557568960444847,10,1,41,11.170362412880072
5,3,3,3,27.123712942351883,7,3,40,11.172268329623337
6,4,1,3,31.154176525000878,8,0,47,11.86775177450016
7,5,3,1,32.524686428421276,8,3,36,15.06444355711583
3,4,2,2,31.387547223645655,7,2,56,9.989758500256217
7,5,4,1,29.510920749736535,9,1,38,14.541965734952576
7,3,1,2,34.44286470911812,10,2,31,13.599715647641261
6,5,2,3,30.98644958806348,10,0,39,12.977560925851426
1,2,4,2,22.975919388102312,8,1,51,6.345665489858416
6,2,4,2,30.44888290810929,11,3,42,13.050798923459672
7,3,3,1,27.245361741971823,6,2,33,12.624165113554929
3,2,4,3,32.04233970709559,9,2,54,10.147621147277208
7,1,4,1,28.782996332674966,6,0,51,11.800939339881495
3,3,3,1,30.208649780084645,11,0,50,9.657556960415237
7,2,4,2,33.75444084861121,8,2,29,13.935799352750017
2,5,4,2,26.66814644318221,8,3,49,9.910266359772798
1,3,3,2,33.536425977147914,6,3,26,8.606556675886626
6,3,1,1,32.65812661356868,10,0,59,11.878462790442363
5,4,4,1,35.32231865591172,9,2,21,13.53801735806411
7,1,2,2,25.606689215830418,9,1,50,11.039204058849476
6,3,3,3,32.64179659012485,10,0,51,12.675523386222473
2,5,1,3,30.451531986734903,7,3,36,9.271275757612283
7,2,2,2,21.004520229279475,7,1,32,10.470813641270308
7,4,2,3,28.026120484394244,11,3,46,13.714701687190965
6,5,3,1,36.84461492687896,6,0,49,13.952030686838215
5,5,1,3,27.15628168227098,6,0,41,10.508130702808778
7,1,3,3,37.338669367037674,7,1,55,13.310960486066781
6,4,4,2,24.83863360631059,9,1,43,12.300954049135907
7,4,1,3,35.506923008062714,7,3,50,14.18124614145129
6,2,2,2,34.434431054343584,6,3,34,12.368197589781847
1,1,2,1,20.937038170552064,11,1,36,5.038666870699371
7,2,4,1,26.807414926115253,9,0,48,12.305334686700746
4,3,1,1,22.598598490714025,6,2,53,8.287747728328524
4,4,4,2,37.8374428962147,10,2,25,13.210739721318644
4,3,1,1,33.74038533006485,7,0,52,9.913269359411673
4,3,1,3,20.08726539300618,10,0,32,7.8157077707411124
5,1,4,3,39.01545415462676,6,1,28,12.092781747832817
5,4,3,3,32.88298442951832,7,0,56,11.958937197313297
6,4,4,1,29.519354620233116,7,3,33,13.40348383164196
3,4,1,3,35.351352570358365,7,0,32,9.803243462664506
4,2,4,1,33.147069643402574,8,1,41,10.876472535812464
1,4,1,3,32.15504244505445,7,0,43,7.427907640109801
7,4,2,3,26.312546875267,9,3,40,13.166258437548061
4,1,4,1,25.748191929311595,8,0,29,8.794674547276086
5,4,3,1,33.76088887672027,10,0,57,12.476959997809647
2,1,4,2,28.272853498372704,6,2,57,7.709113629707087
1,4,2,1,29.28190318907008,9,1,45,7.800742574032615
6,1,4,3,35.47982756305525,6,3,47,12.856368961349945
2,4,3,2,20.33895329779162,8,2,49,7.621011593602492
1,2,1,2,28.710152509443812,10,0,52,6.167827451699886
7,2,3,1,27.434785898126606,8,0,55,11.898261461662788
5,4,3,3,20.47189929291058,8,3,52,10.594941872723904
7,1,4,1,27.960105859090056,9,3,22,12.76281905463621
5,1,1,2,32.06583611429886,10,2,42,10.371850500573794
4,2,4,2,39.80417787175243,10,3,51,12.814752016915435
4,2,3,3,31.225870858968054,11,0,36,10.24065675461425
3,2,4,3,22.816058977853523,7,0,29,7.746890616013634
3,5,3,3,39.633066477048956,9,2,50,12.613951965868813
4,3,3,1,26.90384416988421,9,1,43,9.972691950579158
6,4,1,3,21.212578521329363,11,1,45,10.688264133839287
1,2,1,1,28.953468508208367,11,0,57,6.3316243314775065
3,2,3,1,38.98142392629688,11,0,25,10.736656306733439
6,2,2,2,23.606158708455563,11,2,49,10.769108567522002
6,5,4,1,20.999580573193576,6,0,30,11.499924503174844
5,2,3,3,24.839542606340906,11,0,35,9.991117669141362
4,3,4,3,39.62287463583644,6,3,30,12.80211743445056
5,1,2,3,23.52190942661189,11,1,37,9.10394369679014
2,4,4,3,34.64245213685912,10,1,36,10.585641384634641
3,3,1,2,39.3410536285207,10,1,27,10.631389653133725
6,4,3,2,32.81230367097775,6,2,39,13.226214660775996
2,5,2,1,36.708156616842516,9,0,47,10.287468191031651
4,2,3,3,20.921134683799128,7,3,59,8.655804243083843
2,3,2,1,24.91614878612306,10,2,32,7.78490678150215
5,2,4,1,23.076140492832156,8,1,20,9.96370528870979
1,5,3,1,32.708872913190454,9,0,49,9.067597124374283
3,3,1,3,31.542451720766415,11,0,37,9.097641309737956
5,4,1,1,27.171569230497465,9,0,20,10.370882461489543
2,2,1,3,30.11915815469863,8,0,24,7.081448467845754
2,1,1,2,37.33540709012001,10,0,48,8.120373276221601
4,5,4,3,31.266492840660934,10,2,31,12.527968711318966
2,3,3,1,27.061007832006048,7,3,24,8.46098140976109
5,4,3,2,37.777748480072596,7,3,48,13.589994726413067
1,3,4,3,20.65619248257217,11,0,46,6.53811464686299
4,2,3,3,30.138408759236693,8,2,43,10.184913576662606
3,5,4,2,35.47812443541331,7,3,22,12.276062398374396
2,1,1,3,20.90806562937385,9,2,24,5.543451813287294
7,5,2,1,20.00023269510732,6,3,25,12.17004188511932
5,1,2,3,24.07156755092721,10,0,39,8.832882159166898
3,3,2,3,23.82237418992005,9,1,55,8.11802735418561
7,1,1,1,28.452583940272184,7,1,56,10.911465109248994
1,3,3,2,22.507129515847712,8,2,55,6.6112833128525885
7,5,2,1,22.99202899053905,8,2,50,12.69856521829703
2,2,4,3,25.38039293596621,11,0,36,7.788470728473918
3,2,2,1,27.234205097191612,9,2,44,8.482156917494489
3,5,1,2,35.61463706401802,6,2,55,10.730634671523244
1,1,3,2,33.94418763819274,8,1,20,7.419953774874692
7,2,3,1,37.2338180757469,6,1,48,13.672087253634443
1,5,2,2,33.302923884768106,10,2,36,9.394526299258258
7,1,4,3,28.706484429104723,6,0,22,11.787167197238851
2,4,4,2,20.321237299620122,8,3,54,8.267822713931622
6,2,1,2,36.86556181872805,9,3,48,12.765801127371049
3,1,1,1,30.814691342662083,10,0,24,7.846644441679175
3,5,4,2,31.054141514370905,9,3,29,11.719745472586764
1,4,3,3,26.3309933053574,11,2,56,8.159578794964332
7,3,2,3,38.12174120962521,7,3,35,14.551913417732539
4,1,1,2,27.813642219718783,10,2,31,8.70645559954938
1,1,1,1,37.559689939696696,10,1,52,7.510744189145405
6,2,4,1,33.70887766443803,10,2,21,13.267597979598843
6,4,1,1,35.6972364591776,11,2,38,13.545502562651969
6,5,4,1,26.50507811849104,7,0,27,12.610914061328387
2,5,2,1,22.062427248161516,7,0,47,7.411236904669073
6,1,1,2,34.091088560548904,6,0,46,10.656395940898804
1,4,3,3,32.109653384288094,7,0,54,8.219737609171858
2,4,4,2,33.79557698496242,7,2,58,10.323203857293237
3,5,3,2,21.366682096912083,6,1,39,8.716002777444176
4,3,4,3,32.97009640237376,11,0,53,11.454617352427277
6,3,2,3,31.273199420575246,6,0,51,11.549175895703547
6,1,3,3,31.95336565405406,10,3,20,12.301605817729731
3,2,1,2,32.24516301523689,8,1,40,8.61412934274264
3,4,2,2,33.602237708939455,9,0,23,10.128402787609103
7,1,1,3,39.151620301676346,9,0,51,12.827291654301744
6,1,2,2,34.856499498126325,7,2,40,11.81416990966274
7,1,4,3,25.17423284310882,10,2,28,12.131361911759587
3,2,3,1,30.93751931752089,6,1,39,8.93875347715376
5,1,1,3,21.000371536422243,9,2,52,8.260066876556003
1,5,3,2,21.250525914856915,10,1,22,7.375094664674245
6,2,1,3,31.896064293555792,11,3,29,12.111291572840043
2,3,4,3,25.666095248498614,11,2,29,8.83989714472975
6,1,3,3,30.428980483337604,8,1,36,11.28721648700077
1,5,2,3,30.766638865114267,6,3,47,8.707994995720568
1,5,1,2,35.74774053504666,10,1,57,9.1845932963084
2,4,2,3,38.725612429378536,9,1,53,10.400610237288136
7,3,2,1,24.02197454885335,11,3,26,12.493955418793604
5,3,2,3,25.620761627620567,8,1,57,10.121737092971703
2,1,1,2,23.189845250827165,10,0,29,5.57417214514889
4,5,2,3,34.411310972888124,9,2,54,12.174035975119862
4,5,1,3,30.300113194194463,6,0,43,10.174020374955004
1,5,3,2,38.27576887746518,10,3,58,10.939638397943732
1,1,1,1,27.854614865428324,8,0,54,5.2738306757770985
7,1,2,1,33.538815659936745,6,3,42,12.606986818788616
3,1,3,2,25.91885777717313,10,2,32,8.265394399891164
6,4,3,3,28.592171842647268,10,1,56,12.696590931676509
6,4,2,2,23.227256021107674,6,1,36,10.850906083799384
6,3,4,2,37.63324964665426,7,1,55,13.863984936397767
2,1,2,3,24.90704628332422,11,2,38,6.90326833099836
6,4,4,3,31.137568863441917,6,1,52,13.074762395419546
3,3,2,3,35.07189261491506,10,1,53,10.26294067068471
3,5,2,1,32.628378424367526,10,3,48,11.323108116386154
7,2,1,3,22.28571539995959,7,0,22,10.051428771992727
7,2,1,3,28.38543322332044,6,1,36,11.279377980197681
3,1,3,1,28.162381136518462,10,0,51,8.169228604573323
2,4,4,1,34.626330394065924,6,3,20,10.602739470931867
5,1,2,1,29.701893199590803,8,1,26,9.856340775926345
6,5,3,3,37.099480391229484,10,2,22,14.977906470421308
3,5,2,2,32.95548465900684,7,2,21,10.771987238621232
6,4,3,1,34.8616307926276,9,3,37,14.20509354267297
2,5,1,2,28.669444655112688,10,2,48,9.060500037920283
3,3,3,2,34.58469485827286,8,2,23,10.585245074489116
3,4,4,3,33.13458969443216,8,3,46,11.47422614499779
6,3,2,2,36.84651009499868,6,3,50,13.302371817099763
4,2,1,3,20.973153273234267,9,3,28,8.105167589182168
2,2,1,1,27.004059821814607,7,3,36,7.150730767926629
3,5,3,1,27.732403452676685,9,0,47,9.971832621481804
6,5,2,1,25.1646203933232,8,0,45,11.689631670798178
4,2,1,1,32.64782648656775,7,3,32,9.966608767582194
3,3,1,1,24.298252740727918,11,1,31,8.043685493331026
2,4,3,3,31.158548903014015,7,1,31,9.198538802542522
3,2,3,2,39.1699567133548,6,3,57,10.920592208403866
1,3,2,3,32.72748563066749,6,1,51,7.5609474135201475
4,5,2,2,24.374312259958547,9,2,41,10.367376206792539
2,5,3,3,35.56050486289306,11,3,39,11.470890875320752
2,5,4,1,28.646924528066947,6,0,41,9.276446415052051
6,5,1,3,36.48653783758539,9,3,25,14.197576810765371
1,3,4,3,38.019217913809356,10,1,37,9.793459224485684
2,3,1,2,34.13675711561082,11,3,46,9.414616280809948
4,4,3,1,34.963678240976925,10,1,22,12.043462083375847
5,3,3,3,20.807016537193995,10,0,54,9.645262976694918
4,3,3,1,35.674765021504726,8,1,54,11.431457703870851
6,2,1,3,36.74239255661304,8,1,54,12.123630660190347
3,5,1,1,31.73873013117814,6,3,48,10.282971423612066
7,3,3,2,34.14794000065855,8,0,39,13.60662920011854
3,3,2,2,26.838105562109806,10,2,24,9.030859001179765
3,5,4,2,32.990178594148944,6,1,39,11.208232146946811
6,1,2,3,38.984013863617825,10,1,46,12.66712249545121
7,2,4,3,38.50094350686029,9,0,42,14.410169831234851
1,3,3,1,32.972779135376314,7,1,38,8.125100244367736
1,4,1,3,24.08333118336486,11,1,36,6.7049996130056755
5,2,4,2,35.58205172791573,8,2,34,12.464769311024831
4,4,2,2,30.718701577042363,7,1,32,10.519366283867626
5,2,1,1,25.540250486519575,9,1,45,9.327245087573523
3,4,4,3,21.03978703955415,10,3,45,9.537161667119747
6,1,4,3,37.65829633037444,11,2,26,13.5984933394674
5,3,3,3,34.748521715413546,6,2,39,12.174733908774439
5,2,1,3,32.06079110106567,6,3,34,10.640942398191822
7,5,2,2,26.705581001565914,10,2,31,13.607004580281865
1,1,4,2,38.75930462867788,8,1,30,8.68667483316202
2,2,3,2,24.587315540753448,9,1,57,7.25571679733562
2,4,3,1,30.597625221770524,10,1,59,9.457572539918694
4,3,2,1,24.650119844156624,9,1,58,9.167021571948192
4,1,4,1,26.04958058335853,9,0,45,8.968924505004534
6,4,3,2,26.85290293045043,11,1,50,12.50352252748108
7,3,4,2,36.076097809669506,10,3,57,15.34369760574051
2,3,4,2,37.50811250243669,6,2,50,10.371460250438604
7,2,1,3,21.139574539947365,7,0,41,9.845123417190527
5,1,4,2,33.34424674388362,6,2,34,11.321964413899053
7,5,1,1,38.80838414601494,7,2,40,15.02550914628269
2,5,4,1,29.85138141506595,9,1,38,10.103248654711871
4,1,3,2,22.464651514326498,9,2,44,8.42363727257877
6,5,1,1,36.35712611310059,11,2,32,14.164282700358108
1,4,2,2,32.89490497153637,9,3,58,8.951082894876546
1,5,4,3,22.82447086746299,11,3,47,8.678404756143339
5,3,4,3,23.656755597376343,7,3,41,10.94821600752774
5,1,2,2,25.05596888031546,7,2,31,9.150074398456784
1,3,3,1,35.91852774287005,11,3,44,9.63533499371661
7,1,3,2,30.40148122222301,9,2,41,12.552266620000141
4,5,1,3,32.00562921056074,6,3,32,11.231013257900933
1,4,1,1,27.024387746975616,6,3,27,7.134389794455611
2,3,1,3,25.829218269875877,8,1,32,7.059259288577658
7,5,1,1,34.049766831769375,7,1,37,13.918958029718489
7,1,2,3,38.70344173452987,7,0,49,12.906619512215377
2,5,3,1,35.25786671108728,6,3,38,10.816416007995711
4,1,4,2,35.47105483729774,10,2,49,11.284789870713592
1,1,4,1,36.783607899605975,6,3,54,8.591049421929075
3,2,4,1,26.720141179802177,9,0,33,8.689625412364393
1,1,4,3,23.46992100710044,6,2,59,5.944585781278079
2,3,3,3,22.509725935983013,6,0,51,6.771750668476942
2,5,1,1,36.7013189091004,11,1,57,10.376237403638072
5,5,4,3,30.494712753228644,6,0,54,12.309048295581157
3,3,4,1,26.644111418946434,7,2,59,9.43594005541036
3,4,3,1,33.067669969573615,11,3,21,11.422180594523251
6,5,3,2,25.54929359449908,8,3,32,12.908872847009835
4,2,4,1,34.124923251105244,9,1,38,11.172486185198943
2,4,3,2,21.57878805893111,8,3,20,8.094181850607601
2,2,4,1,38.70969027054991,7,3,57,10.457744248698985
4,3,1,3,23.255819784124586,9,2,43,8.766047561142425
7,5,1,3,30.03035920700333,7,3,28,13.695464657260601
2,4,4,2,23.54385002022382,10,2,46,8.837893003640287
1,3,4,1,33.27047187826905,7,2,53,8.82868493808843
7,2,4,3,25.90144698528619,6,1,44,12.032260457351516
2,3,2,1,28.599152395596434,6,3,41,8.217847431207357
5,5,1,2,33.6430632312327,7,1,34,12.045751381621887
6,1,1,1,27.802404693766785,11,0,42,10.124432844878022
4,3,2,1,36.419620345982814,11,3,42,12.025531662276906
3,2,2,1,38.85318353933261,8,0,24,9.95357303707987
2,5,1,3,27.23082797508077,8,0,57,8.061549035514538
5,5,1,3,31.89694759003819,6,3,49,12.111450566206875
3,4,4,3,23.45047753892724,8,3,47,9.731085957006904
2,1,3,3,35.64101538527517,7,2,50,8.75538276934953
4,1,4,1,29.158579888680556,10,2,20,10.148544379962498
1,1,3,2,27.184174939653808,10,2,36,6.693151489137685
6,3,1,2,36.11429051336436,6,1,45,12.270572292405586
5,1,2,1,27.166693133433476,10,1,54,9.640004764018025
6,5,3,2,35.23767223724888,10,0,50,14.1427810027048
5,3,4,2,33.58398302402339,7,0,42,11.98511694432421
1,2,2,3,29.511923836440165,9,1,25,6.84214629055923
3,2,2,1,38.56203671019573,11,0,26,10.261166607835232
4,3,3,3,20.880807587769286,8,0,54,8.518545365798472
3,4,4,3,28.064155122665046,9,3,43,10.681547922079709
5,5,1,3,25.106727475264883,6,2,51,10.63921094554768
4,5,2,2,30.75565869482753,10,3,34,11.886018565068955
7,4,4,3,20.58310372044178,11,3,45,13.174958669679521
4,5,2,3,21.914581094887946,8,2,28,9.80462459707983
7,5,2,3,38.686082283349805,8,2,35,15.523494811002966
3,2,2,2,20.861048054313372,10,0,58,6.954988649776407
4,2,3,2,22.92872513205632,10,1,25,8.877170523770138
2,5,2,1,38.30121465034445,7,1,34,10.584218637062
2,1,1,2,31.460844012380313,8,2,22,7.322951922228456
2,3,3,1,33.93390222873497,9,0,38,9.188102401172294
5,3,2,1,28.00424551699344,8,0,22,10.300764193058821
1,4,4,3,29.19301639319145,7,0,28,8.094742950774462
7,2,3,1,24.4535215824617,9,3,42,12.231633884843106
6,1,4,2,23.418728048416966,6,1,33,10.185371048715055
2,1,2,2,26.810896709597937,6,0,33,6.145961407727628
3,4,4,2,21.536148821385627,8,2,40,9.136506787849413
5,5,3,3,25.290316079776765,11,3,21,12.322256894359818
4,1,2,2,21.01244944538148,8,3,37,7.892240900168666
3,5,3,2,38.93512070347406,6,3,31,12.378321726625332
4,5,4,3,20.125149420529404,7,2,46,10.162526895695292
3,4,4,1,36.6472707932199,6,2,36,11.616508742779583
4,5,4,1,21.798324897194046,9,3,48,10.953698481494929
7,4,1,2,25.59491935538142,11,1,26,12.377085483968656
5,4,4,1,28.842140693594402,8,2,55,12.251585324846992
7,4,3,1,31.439917565671855,10,2,48,14.359185161820934
4,1,2,3,27.221494526820745,11,3,35,9.369869014827733
2,5,2,2,27.838211258878182,7,0,48,8.450878026598073
4,4,4,3,25.94574408562653,8,2,57,10.830233935412775
6,4,3,3,36.52129369096571,6,3,23,14.143832864373831
2,2,1,3,34.759018947951844,10,1,23,8.406623410631331
5,4,2,1,39.85163590975527,7,2,26,13.313294463755948
4,3,2,2,27.03610012820705,8,0,40,9.22649802307727
5,3,3,1,35.36010870626419,8,3,29,12.774819567127555
2,2,4,1,30.014218516733425,11,2,50,9.122559333012017
3,1,3,3,21.990930256175503,7,2,31,7.1983674461115905
7,1,1,3,39.83925494477287,6,2,47,13.091065890059118
5,2,3,2,32.0493966140691,9,3,38,11.798891390532438
2,3,4,2,33.476777965400096,10,2,31,10.125820033772017
3,2,3,1,38.87856566952916,6,3,21,10.86814182051525
4,4,2,1,20.367722843031945,7,3,59,9.156190111745751
1,5,4,1,33.04470706264881,10,1,35,9.898047271276786
5,1,4,2,20.899936424708486,6,3,53,9.331988556447527
2,1,2,1,29.30673867878972,6,1,51,6.845212962182149
1,2,4,3,32.62750652096502,6,2,55,8.092951173773702
6,3,2,3,36.11051827152114,7,0,34,12.539893288873806
4,5,4,1,20.49368314449169,10,1,33,10.338862966008502
5,2,4,2,36.00412695367158,7,3,41,12.670742851660883
6,4,1,2,30.509406147117865,10,3,44,12.741693106481216
1,5,4,2,31.62390847441913,10,2,35,9.892303525395443
3,5,4,1,32.67423199531058,11,2,50,12.001361759155905
6,4,4,1,33.30111978013262,11,0,26,13.814201560423871
6,4,1,1,29.21339659666978,9,1,24,11.888411387400561
5,3,4,3,34.57878400210314,8,1,34,12.534181120378566
3,1,1,3,26.45453145453277,9,2,42,7.441815661815899
5,3,4,3,37.975757794746954,10,1,44,13.38563640305445
7,2,1,1,27.774526957530934,6,3,20,11.66941485235557
4,4,3,3,36.59445732643249,11,3,30,12.95700231875785
5,2,4,3,37.82636412720598,8,0,20,12.368745542897077
1,2,1,2,31.846027421241914,8,0,22,6.492284935823544
4,3,1,3,22.39123995504113,9,0,39,8.110423191907405
1,4,3,2,39.89368330392974,8,0,32,9.740862994707353
5,4,1,2,26.150595909809127,10,0,41,10.307107263765642
3,3,4,2,30.471271590597116,8,1,42,9.99482888630748
3,5,4,1,21.720643140658865,8,3,58,9.919715765318596
3,4,3,3,21.333877628108976,8,1,46,8.450097973059616
3,2,3,3,33.7862082420538,11,3,57,10.551517483569686
1,2,4,1,39.54063353090352,8,3,26,9.827314035562633
3,5,4,1,34.00863598313008,11,1,31,11.991554476963415
3,3,1,1,20.418682356534667,6,0,44,6.49536282417624
5,1,4,2,32.56239062487143,6,2,30,11.181230312476858
4,1,3,1,22.408946799931307,9,2,45,8.413610423987635
1,5,3,1,30.11863308639117,11,2,49,9.341353955550412
4,1,3,2,27.09457113460425,10,0,34,8.877022804228766
6,1,3,2,27.745488228496825,10,3,57,11.54418788112943
7,1,2,3,32.97530772318772,7,0,29,11.87555539017379
2,1,3,1,22.224174946764375,8,3,52,6.710351490417588
1,4,1,2,20.761726011986386,9,2,45,6.11711068215755
4,1,3,2,27.27290717838899,10,2,27,9.409123292110017
5,3,4,2,30.599406820428413,8,2,51,12.067893227677114
6,1,2,1,22.8693891403604,8,2,50,9.776490045264872
4,5,1,3,38.79137178050331,7,3,58,12.572446920490595
1,4,2,2,26.300207447534632,7,3,31,7.524037340556234
6,4,2,2,25.541384994267993,10,0,45,11.49744929896824
7,2,1,2,34.441321284075705,11,2,56,13.219437831133629
2,5,2,1,37.901305777024916,7,0,31,10.262235039864484
6,3,3,1,37.47749911042037,9,2,48,13.925949839875669
1,3,2,1,28.7971127942767,9,2,37,7.463480302969806
3,3,2,2,24.32665555261654,6,3,50,8.348797999470978
2,3,4,3,31.76000926859257,6,1,48,9.086801668346663
6,2,4,3,32.62917585166041,6,2,40,12.593251653298875
7,3,4,3,30.822276497576894,9,3,47,14.278009769563841
3,1,1,2,23.696767958940498,10,2,24,7.06541823260929
2,5,4,3,24.535452506392915,7,2,26,9.156381451150725
5,3,3,3,23.68918102119767,9,0,34,10.04405258381558
3,4,3,2,30.234148942294016,8,2,27,10.302146809612925
7,2,4,3,30.11393487562748,10,2,27,13.520508277612945
7,5,3,1,31.157473513201463,10,0,26,14.308345232376263
7,2,1,2,30.825402218833563,10,3,20,12.698572399390041
2,3,4,2,29.08556793579645,6,0,31,8.355402228443362
1,1,4,2,35.13516180493857,11,0,55,8.144329124888943
1,3,2,3,34.57572444513152,6,1,32,7.893630400123674
4,3,2,2,26.172000000000004,16,0,60,9.396138734382305
4,3,2,2,26.172000000000004,16,0,60,9.403669882123324
4,3,2,2,26.172000000000004,16,0,60,9.407050175653616
4,3,2,2,26.172000000000004,16,0,60,9.402217878273385
4,3,2,2,26.172000000000004,12,0,44,9.392743657763798
4,3,2,2,26.172000000000004,12,0,44,9.401966955825165
4,3,2,2,26.172000000000004,12,0,44,9.406747816249487
4,3,2,2,26.172000000000004,12,0,44,9.412894363708814
6,3,2,2,26.276999999999997,12,0,44,11.592217054499804
4,3,2,2,26.276999999999997,12,0,44,9.421876965187883
4,3,2,2,26.276999999999997,16,0,60,9.420620925589525
4,3,2,2,26.276999999999997,12,0,44,9.41840414601679
4,3,2,2,26.276999999999997,12,0,44,9.414988733354507
4,3,2,2,26.276999999999997,12,0,44,9.414746883610047
4,3,2,2,26.082000000000004,16,0,60,9.364498890361434
4,3,2,2,27.162,16,0,60,9.432952593233408
4,3,2,2,27.162,16,0,60,9.42098232725998
4,3,2,2,27.162,16,0,60,9.416036648739954
4,3,2,2,27.162,16,0,60,9.41831411091261
4,3,2,2,27.162,16,0,60,9.415288168766917
4,3,2,2,27.162,16,0,60,9.41520095632836
5,3,2,2,27.162,16,0,60,10.262476831381042
5,5,2,2,27.162,16,0,60,10.981799030637523
5,5,2,2,27.162,16,0,60,10.992325066486854
5,5,2,2,27.162,16,0,60,10.977861433108709
5,5,2,2,27.162,12,0,44,11.082151646483329
5,5,4,2,27.162,12,0,44,11.703526309778308
5,6,4,2,27.162,12,0,44,11.70757762253882
5,6,4,2,27.162,12,0,44,11.724974484465825
5,6,4,2,27.162,12,0,44,11.726518821731814
5,6,4,2,27.162,12,0,44,11.728694865608855
5,6,4,2,27.162,12,0,44,11.722153630380497
4,3,2,2,26.106,16,0,60,9.367723606613913
4,3,2,2,26.103249999999996,16,0,60,9.366826022524242
4,3,2,2,26.320999999999998,16,0,60,9.413442099975738
2,3,2,2,26.320999999999998,16,0,60,8.083412583005826
